f6E.U17,FUT:USD:GLOBEX:6EU7
f6E.Z17,FUT:USD:GLOBEX:6EZ7
f6J.U17,FUT:USD:GLOBEX:6JU7
f6J.Z17,FUT:USD:GLOBEX:6JZ7
f6B.U17,FUT:USD:GLOBEX:6BU7
f6B.Z17,FUT:USD:GLOBEX:6BZ7
f6C.U17,FUT:USD:GLOBEX:6CU7
f6C.Z17,FUT:USD:GLOBEX:6CZ7
f6A.U17,FUT:USD:GLOBEX:6AU7
f6A.Z17,FUT:USD:GLOBEX:6AZ7
f6N.U17,FUT:USD:GLOBEX:6NU7
f6N.Z17,FUT:USD:GLOBEX:6NZ7
f6S.U17,FUT:USD:GLOBEX:6SU7
f6S.Z17,FUT:USD:GLOBEX:6SZ7
f6M.U17,FUT:USD:GLOBEX:6MU7
f6M.Z17,FUT:USD:GLOBEX:6MZ7
fES.U17,FUT:USD:GLOBEX:ESU7
fES.Z17,FUT:USD:GLOBEX:ESZ7
fNQ.U17,FUT:USD:GLOBEX:NQU7
fNQ.Z17,FUT:USD:GLOBEX:NQZ7
